erikg444,IHwmxli4zmeRZDLHWm5zPXvz9Zv/DE5o6VMDwV27uUw=,PzNLZDpa1JEh17kDABvmNA==,Administrator
646gustava,ZBYdWbGw7f+/4+TEX1cIi42IaSKxHWSTq7aARv6/na0=,levmyzVpwpBQda3t3oughw==,Administrator
lola321,pyRhlc9ZdzM6IbedoYyRlmvSsCivOYB3XNkl2Vk7CRU=,4KP7bQci6uMB1E8ZEQ5Oyg==,Scientist
dagutierrez17,9GmmqsuvWcvPyazTPEHbXcwykTUMlv0lXudrziOhWbg=,w9gxhTNKm51M7AVeNQ8zpQ==,Scientist
scientist2,ZcWMVeC6kA5ZgW/OKveF3C0+KzEkfWPvFrNol7y733E=,gnoCw0j6LcEBsCeQx5KAfw==,Scientist
scientist1,1QrN8vpD8aXdjsGXF9rUG2XVtTJlAiX7IQXu1B6dTmE=,PQOCClwwiBSuRlLUPmzr1g==,Scientist
admin1,S8uPllCTBt52u1karHCcDJKzVxtTg0fEx9FAfMVsi28=,8/CgGm0jmwJmKVlxGiiTyA==,Administrator
katie123,XnAyn4oi2ObSHQ9areaXqFqaANLG5EltN/G1YoCDQMQ=,TcR9gpISMKKqvmxRXeFWhw==,Scientist
denise123,FAhoM6CrT5/oZFrpBkvU1i5CGC1AIn/2q/JNVlDPfUU=,q7cZ6DMCkEIgDisUEexnsw==,SpaceAgentRep
katie,+lN9cgE2kY2jCRpSdQU8h18w1dMb7WnChzZkyaQj124=,fQo4U3Sn5v6aoqW9CxVz7w==,SpaceAgentRep
trixie745,TKFC7cVWa4P4uzHtJr4dCVSGBg5lhzYKFR7bLZVBsPI=,VEUVbtlP7QCgx3n51PgwXw==,SpaceAgentRep
